vehicle_id,route_type,daily_distance_km,avg_payload_kg,dwell_time_hours,readiness,recommended_model,confidence_pct,price_inr_lakh,reason
ICE-001,Mixed depot-to-depot,94.9,633.0,7.4,ready,Euler HiLoad EV,82.3,4.2,"Fits within Euler HiLoad EV's 135km range, 688kg payload, and 5.0h charge window."
ICE-002,Urban short-haul,54.9,152.0,12.9,ready,Mahindra Treo Zor,92.6,3.3,"Fits within Mahindra Treo Zor's 80km range, 550kg payload, and 5.0h charge window."
ICE-003,Mixed depot-to-depot,73.4,491.0,7.7,ready,Euler HiLoad EV,97.2,4.2,"Fits within Euler HiLoad EV's 135km range, 688kg payload, and 5.0h charge window."
ICE-004,Urban short-haul,37.8,327.0,11.3,ready,Mahindra Treo Zor,100.0,3.3,"Fits within Mahindra Treo Zor's 80km range, 550kg payload, and 5.0h charge window."
ICE-005,Highway feeder,195.1,749.0,6.0,not_yet_viable,,0.0,,"no catalog option covers the required 243.9km range; payload of 749.0kg exceeds every catalog option. Per option: Mahindra Treo Zor (80km range < 243.9km needed, 550kg payload < 749.0kg load); Euler HiLoad EV (135km range < 243.9km needed, 688kg payload < 749.0kg load); Tata Ace EV (154km range < 243.9km needed, 600kg payload < 749.0kg load)"
ICE-006,Urban short-haul,26.4,364.0,8.3,ready,Mahindra Treo Zor,100.0,3.3,"Fits within Mahindra Treo Zor's 80km range, 550kg payload, and 5.0h charge window."
ICE-007,Urban short-haul,40.6,313.0,13.5,ready,Mahindra Treo Zor,100.0,3.3,"Fits within Mahindra Treo Zor's 80km range, 550kg payload, and 5.0h charge window."
ICE-008,Mixed depot-to-depot,75.7,549.0,7.5,ready,Euler HiLoad EV,92.9,4.2,"Fits within Euler HiLoad EV's 135km range, 688kg payload, and 5.0h charge window."
ICE-009,Urban short-haul,27.7,392.0,9.2,ready,Mahindra Treo Zor,97.8,3.3,"Fits within Mahindra Treo Zor's 80km range, 550kg payload, and 5.0h charge window."
ICE-010,Urban long-haul,60.2,591.0,4.8,ready,Tata Ace EV,89.2,10.51,"Fits within Tata Ace EV's 154km range, 600kg payload, and 1.75h charge window."
ICE-011,Urban short-haul,55.2,328.0,13.1,ready,Mahindra Treo Zor,92.4,3.3,"Fits within Mahindra Treo Zor's 80km range, 550kg payload, and 5.0h charge window."
ICE-012,Mixed depot-to-depot,87.1,427.0,9.2,ready,Euler HiLoad EV,94.2,4.2,"Fits within Euler HiLoad EV's 135km range, 688kg payload, and 5.0h charge window."
ICE-013,Urban long-haul,103.6,426.0,7.0,ready,Euler HiLoad EV,87.6,4.2,"Fits within Euler HiLoad EV's 135km range, 688kg payload, and 5.0h charge window."
ICE-014,Urban short-haul,35.5,263.0,8.9,ready,Mahindra Treo Zor,100.0,3.3,"Fits within Mahindra Treo Zor's 80km range, 550kg payload, and 5.0h charge window."
ICE-015,Mixed depot-to-depot,69.0,694.0,9.5,not_yet_viable,,0.0,,"payload of 694.0kg exceeds every catalog option. Per option: Mahindra Treo Zor (80km range < 86.2km needed, 550kg payload < 694.0kg load); Euler HiLoad EV (688kg payload < 694.0kg load); Tata Ace EV (600kg payload < 694.0kg load)"
ICE-016,Mixed depot-to-depot,81.9,603.0,6.9,ready,Euler HiLoad EV,85.3,4.2,"Fits within Euler HiLoad EV's 135km range, 688kg payload, and 5.0h charge window."
ICE-017,Urban long-haul,72.0,441.0,4.5,ready,Tata Ace EV,96.9,10.51,"Fits within Tata Ace EV's 154km range, 600kg payload, and 1.75h charge window."
ICE-018,Highway feeder,125.8,769.0,3.2,not_yet_viable,,0.0,,"no catalog option covers the required 157.2km range; payload of 769.0kg exceeds every catalog option. Per option: Mahindra Treo Zor (80km range < 157.2km needed, 550kg payload < 769.0kg load, needs 5.0h to charge, dwell is only 3.2h); Euler HiLoad EV (135km range < 157.2km needed, 688kg payload < 769.0kg load, needs 5.0h to charge, dwell is only 3.2h); Tata Ace EV (154km range < 157.2km needed, 600kg payload < 769.0kg load)"
ICE-019,Highway feeder,179.5,553.0,5.4,not_yet_viable,,0.0,,"no catalog option covers the required 224.4km range. Per option: Mahindra Treo Zor (80km range < 224.4km needed, 550kg payload < 553.0kg load); Euler HiLoad EV (135km range < 224.4km needed); Tata Ace EV (154km range < 224.4km needed)"
ICE-020,Highway feeder,208.5,728.0,2.6,not_yet_viable,,0.0,,"no catalog option covers the required 260.6km range; payload of 728.0kg exceeds every catalog option. Per option: Mahindra Treo Zor (80km range < 260.6km needed, 550kg payload < 728.0kg load, needs 5.0h to charge, dwell is only 2.6h); Euler HiLoad EV (135km range < 260.6km needed, 688kg payload < 728.0kg load, needs 5.0h to charge, dwell is only 2.6h); Tata Ace EV (154km range < 260.6km needed, 600kg payload < 728.0kg load)"
ICE-021,Urban short-haul,57.1,343.0,9.1,ready,Mahindra Treo Zor,91.6,3.3,"Fits within Mahindra Treo Zor's 80km range, 550kg payload, and 5.0h charge window."
ICE-022,Highway feeder,177.0,728.0,3.5,not_yet_viable,,0.0,,"no catalog option covers the required 221.2km range; payload of 728.0kg exceeds every catalog option. Per option: Mahindra Treo Zor (80km range < 221.2km needed, 550kg payload < 728.0kg load, needs 5.0h to charge, dwell is only 3.5h); Euler HiLoad EV (135km range < 221.2km needed, 688kg payload < 728.0kg load, needs 5.0h to charge, dwell is only 3.5h); Tata Ace EV (154km range < 221.2km needed, 600kg payload < 728.0kg load)"
ICE-023,Urban long-haul,72.0,313.0,8.4,ready,Euler HiLoad EV,100.0,4.2,"Fits within Euler HiLoad EV's 135km range, 688kg payload, and 5.0h charge window."
ICE-024,Urban long-haul,87.4,413.0,7.8,ready,Euler HiLoad EV,94.1,4.2,"Fits within Euler HiLoad EV's 135km range, 688kg payload, and 5.0h charge window."
ICE-025,Urban short-haul,34.9,161.0,8.7,ready,Mahindra Treo Zor,100.0,3.3,"Fits within Mahindra Treo Zor's 80km range, 550kg payload, and 5.0h charge window."
ICE-026,Highway feeder,178.9,671.0,4.1,not_yet_viable,,0.0,,"no catalog option covers the required 223.6km range. Per option: Mahindra Treo Zor (80km range < 223.6km needed, 550kg payload < 671.0kg load, needs 5.0h to charge, dwell is only 4.1h); Euler HiLoad EV (135km range < 223.6km needed, needs 5.0h to charge, dwell is only 4.1h); Tata Ace EV (154km range < 223.6km needed, 600kg payload < 671.0kg load)"
ICE-027,Highway feeder,141.3,736.0,4.7,not_yet_viable,,0.0,,"no catalog option covers the required 176.6km range; payload of 736.0kg exceeds every catalog option. Per option: Mahindra Treo Zor (80km range < 176.6km needed, 550kg payload < 736.0kg load, needs 5.0h to charge, dwell is only 4.7h); Euler HiLoad EV (135km range < 176.6km needed, 688kg payload < 736.0kg load, needs 5.0h to charge, dwell is only 4.7h); Tata Ace EV (154km range < 176.6km needed, 600kg payload < 736.0kg load)"
ICE-028,Urban long-haul,86.0,568.0,8.5,ready,Euler HiLoad EV,88.2,4.2,"Fits within Euler HiLoad EV's 135km range, 688kg payload, and 5.0h charge window."
ICE-029,Urban short-haul,57.3,152.0,12.5,ready,Mahindra Treo Zor,91.5,3.3,"Fits within Mahindra Treo Zor's 80km range, 550kg payload, and 5.0h charge window."
ICE-030,Mixed depot-to-depot,56.8,526.0,10.9,ready,Mahindra Treo Zor,81.6,3.3,"Fits within Mahindra Treo Zor's 80km range, 550kg payload, and 5.0h charge window."
ICE-031,Urban short-haul,45.1,428.0,11.1,ready,Mahindra Treo Zor,93.4,3.3,"Fits within Mahindra Treo Zor's 80km range, 550kg payload, and 5.0h charge window."
ICE-032,Mixed depot-to-depot,61.3,460.0,8.2,ready,Mahindra Treo Zor,83.1,3.3,"Fits within Mahindra Treo Zor's 80km range, 550kg payload, and 5.0h charge window."
ICE-033,Urban short-haul,33.8,482.0,11.4,ready,Mahindra Treo Zor,92.0,3.3,"Fits within Mahindra Treo Zor's 80km range, 550kg payload, and 5.0h charge window."
ICE-034,Urban short-haul,30.9,483.0,10.7,ready,Mahindra Treo Zor,92.0,3.3,"Fits within Mahindra Treo Zor's 80km range, 550kg payload, and 5.0h charge window."
ICE-035,Highway feeder,161.9,708.0,5.6,not_yet_viable,,0.0,,"no catalog option covers the required 202.4km range; payload of 708.0kg exceeds every catalog option. Per option: Mahindra Treo Zor (80km range < 202.4km needed, 550kg payload < 708.0kg load); Euler HiLoad EV (135km range < 202.4km needed, 688kg payload < 708.0kg load); Tata Ace EV (154km range < 202.4km needed, 600kg payload < 708.0kg load)"
ICE-036,Mixed depot-to-depot,79.0,528.0,11.3,ready,Euler HiLoad EV,92.7,4.2,"Fits within Euler HiLoad EV's 135km range, 688kg payload, and 5.0h charge window."
ICE-037,Urban long-haul,106.1,324.0,6.1,ready,Euler HiLoad EV,83.1,4.2,"Fits within Euler HiLoad EV's 135km range, 688kg payload, and 5.0h charge window."
ICE-038,Urban long-haul,107.5,388.0,8.0,ready,Euler HiLoad EV,89.0,4.2,"Fits within Euler HiLoad EV's 135km range, 688kg payload, and 5.0h charge window."
ICE-039,Mixed depot-to-depot,85.9,589.0,11.8,ready,Euler HiLoad EV,87.2,4.2,"Fits within Euler HiLoad EV's 135km range, 688kg payload, and 5.0h charge window."
ICE-040,Urban short-haul,35.9,221.0,8.3,ready,Mahindra Treo Zor,100.0,3.3,"Fits within Mahindra Treo Zor's 80km range, 550kg payload, and 5.0h charge window."
ICE-041,Urban short-haul,56.6,444.0,8.7,ready,Mahindra Treo Zor,86.0,3.3,"Fits within Mahindra Treo Zor's 80km range, 550kg payload, and 5.0h charge window."
ICE-042,Mixed depot-to-depot,74.0,578.0,10.0,ready,Euler HiLoad EV,92.2,4.2,"Fits within Euler HiLoad EV's 135km range, 688kg payload, and 5.0h charge window."
ICE-043,Urban short-haul,58.5,313.0,11.8,ready,Mahindra Treo Zor,91.0,3.3,"Fits within Mahindra Treo Zor's 80km range, 550kg payload, and 5.0h charge window."
ICE-044,Mixed depot-to-depot,59.2,419.0,8.5,ready,Mahindra Treo Zor,86.5,3.3,"Fits within Mahindra Treo Zor's 80km range, 550kg payload, and 5.0h charge window."
ICE-045,Mixed depot-to-depot,90.8,619.0,6.7,ready,Euler HiLoad EV,80.9,4.2,"Fits within Euler HiLoad EV's 135km range, 688kg payload, and 5.0h charge window."
ICE-046,Highway feeder,196.2,851.0,4.1,not_yet_viable,,0.0,,"no catalog option covers the required 245.2km range; payload of 851.0kg exceeds every catalog option. Per option: Mahindra Treo Zor (80km range < 245.2km needed, 550kg payload < 851.0kg load, needs 5.0h to charge, dwell is only 4.1h); Euler HiLoad EV (135km range < 245.2km needed, 688kg payload < 851.0kg load, needs 5.0h to charge, dwell is only 4.1h); Tata Ace EV (154km range < 245.2km needed, 600kg payload < 851.0kg load)"
ICE-047,Highway feeder,105.6,512.0,2.1,ready,Tata Ace EV,78.6,10.51,"Fits within Tata Ace EV's 154km range, 600kg payload, and 1.75h charge window."
ICE-048,Urban short-haul,29.9,216.0,11.4,ready,Mahindra Treo Zor,100.0,3.3,"Fits within Mahindra Treo Zor's 80km range, 550kg payload, and 5.0h charge window."
ICE-049,Urban short-haul,43.6,208.0,12.1,ready,Mahindra Treo Zor,99.3,3.3,"Fits within Mahindra Treo Zor's 80km range, 550kg payload, and 5.0h charge window."
ICE-050,Urban short-haul,32.4,478.0,11.2,ready,Mahindra Treo Zor,92.2,3.3,"Fits within Mahindra Treo Zor's 80km range, 550kg payload, and 5.0h charge window."
ICE-051,Mixed depot-to-depot,82.9,583.0,7.1,ready,Euler HiLoad EV,86.7,4.2,"Fits within Euler HiLoad EV's 135km range, 688kg payload, and 5.0h charge window."
ICE-052,Urban long-haul,62.0,581.0,8.8,ready,Euler HiLoad EV,93.0,4.2,"Fits within Euler HiLoad EV's 135km range, 688kg payload, and 5.0h charge window."
ICE-053,Highway feeder,106.1,635.0,3.3,not_yet_viable,,0.0,,"No option clears every gate. Mahindra Treo Zor (80km range < 132.6km needed, 550kg payload < 635.0kg load, needs 5.0h to charge, dwell is only 3.3h); Euler HiLoad EV (needs 5.0h to charge, dwell is only 3.3h); Tata Ace EV (600kg payload < 635.0kg load)"
ICE-054,Urban short-haul,45.1,429.0,9.9,ready,Mahindra Treo Zor,93.4,3.3,"Fits within Mahindra Treo Zor's 80km range, 550kg payload, and 5.0h charge window."
ICE-055,Highway feeder,195.7,552.0,5.1,not_yet_viable,,0.0,,"no catalog option covers the required 244.6km range. Per option: Mahindra Treo Zor (80km range < 244.6km needed, 550kg payload < 552.0kg load); Euler HiLoad EV (135km range < 244.6km needed); Tata Ace EV (154km range < 244.6km needed)"
ICE-056,Highway feeder,123.7,729.0,4.6,not_yet_viable,,0.0,,"no catalog option covers the required 154.6km range; payload of 729.0kg exceeds every catalog option. Per option: Mahindra Treo Zor (80km range < 154.6km needed, 550kg payload < 729.0kg load, needs 5.0h to charge, dwell is only 4.6h); Euler HiLoad EV (135km range < 154.6km needed, 688kg payload < 729.0kg load, needs 5.0h to charge, dwell is only 4.6h); Tata Ace EV (154km range < 154.6km needed, 600kg payload < 729.0kg load)"
ICE-057,Mixed depot-to-depot,54.8,598.0,9.8,ready,Euler HiLoad EV,92.2,4.2,"Fits within Euler HiLoad EV's 135km range, 688kg payload, and 5.0h charge window."
ICE-058,Mixed depot-to-depot,90.2,498.0,10.3,ready,Euler HiLoad EV,90.6,4.2,"Fits within Euler HiLoad EV's 135km range, 688kg payload, and 5.0h charge window."
ICE-059,Highway feeder,207.2,565.0,2.1,not_yet_viable,,0.0,,"no catalog option covers the required 259.0km range. Per option: Mahindra Treo Zor (80km range < 259.0km needed, 550kg payload < 565.0kg load, needs 5.0h to charge, dwell is only 2.1h); Euler HiLoad EV (135km range < 259.0km needed, needs 5.0h to charge, dwell is only 2.1h); Tata Ace EV (154km range < 259.0km needed)"
ICE-060,Mixed depot-to-depot,60.7,569.0,11.7,ready,Euler HiLoad EV,93.5,4.2,"Fits within Euler HiLoad EV's 135km range, 688kg payload, and 5.0h charge window."
